                  epoch,         train/box_loss,         train/cls_loss,         train/dfl_loss,   metrics/precision(B),      metrics/recall(B),       metrics/mAP50(B),    metrics/mAP50-95(B),           val/box_loss,           val/cls_loss,           val/dfl_loss,                 lr/pg0,                 lr/pg1,                 lr/pg2
                      1,                 3.4564,                 3.5018,                 3.1622,                0.29441,                0.10467,                 0.0846,                0.03757,                 2.3724,                  2.425,                 2.1481,             0.00036931,             0.00036931,             0.00036931
                      2,                 2.1852,                 2.0181,                 1.8219,                0.42196,                 0.3389,                0.32884,                0.17734,                 1.7596,                 1.6142,                 1.5758,              0.0005932,              0.0005932,              0.0005932
                      3,                 1.8712,                 1.5986,                  1.534,                0.55112,                 0.3892,                0.42924,                0.24347,                 1.5563,                 1.3348,                 1.4154,             0.00067043,             0.00067043,             0.00067043
                      4,                  1.705,                 1.3751,                 1.4134,                0.63451,                0.46031,                0.51447,                0.30338,                 1.4599,                 1.1487,                 1.3316,             0.00045107,             0.00045107,             0.00045107
                      5,                 1.6349,                 1.2861,                 1.3576,                0.66892,                0.50199,                0.55719,                0.33259,                 1.4258,                 1.0706,                 1.3011,             0.00045107,             0.00045107,             0.00045107
