                  epoch,         train/box_loss,         train/cls_loss,         train/dfl_loss,   metrics/precision(B),      metrics/recall(B),       metrics/mAP50(B),    metrics/mAP50-95(B),           val/box_loss,           val/cls_loss,           val/dfl_loss,                 lr/pg0,                 lr/pg1,                 lr/pg2
                      1,                 3.4564,                 3.5018,                 3.1622,                0.29441,                0.10467,                 0.0846,                0.03757,                 2.3724,                  2.425,                 2.1481,             0.00036931,             0.00036931,             0.00036931
                      2,                 2.2321,                 2.0682,                 1.8706,                0.40235,                0.33619,                0.29114,                0.14131,                 1.8818,                 1.7725,                 1.6648,             0.00037352,             0.00037352,             0.00037352
