                  epoch,         train/box_loss,         train/cls_loss,         train/dfl_loss,   metrics/precision(B),      metrics/recall(B),       metrics/mAP50(B),    metrics/mAP50-95(B),           val/box_loss,           val/cls_loss,           val/dfl_loss,                 lr/pg0,                 lr/pg1,                 lr/pg2
                      1,                 3.4564,                 3.5018,                 3.1622,                0.29441,                0.10467,                 0.0846,                0.03757,                 2.3724,                  2.425,                 2.1481,             0.00036931,             0.00036931,             0.00036931
                      2,                 2.1691,                 1.9971,                 1.8012,                0.45219,                0.34198,                0.34281,                0.17836,                 1.7898,                 1.5868,                 1.5651,               0.000725,               0.000725,               0.000725
                      3,                 1.8534,                 1.5743,                 1.5133,                0.61425,                0.40504,                0.45406,                0.25691,                  1.527,                 1.2146,                 1.3848,               0.001066,               0.001066,               0.001066
                      4,                 1.6791,                 1.3443,                  1.386,                 0.6056,                0.49204,                0.53615,                0.31209,                 1.4411,                 1.1641,                 1.2997,               0.001045,               0.001045,               0.001045
